study_hours_per_day,attendance_rate,mock_test_score,historical_gpa,final_gpa,final_toeic
2.5599706536604936,0.6740531715354479,419,2.739626511974353,2.3868891253596036,642
5.728928685254539,0.8167603789513432,590,2.104710040374945,2.7736148113305052,990
4.525966679962728,0.9491783343505633,362,3.5351352570358365,3.4200715379630195,742
3.7926216630837013,0.8928899545638245,419,2.833008863807758,2.6024289847462048,747
1.358102522433401,0.9226244591445799,469,3.6443597736328464,2.904106873987393,626
1.3579698618491145,0.8635133466842869,319,3.700696002239791,2.858956562933041,448
0.819459866925097,0.876910625807141,593,2.423988109397316,2.0198759533137247,721
5.263968801762143,0.9396782606261277,535,3.314706964340257,3.810113013850667,964
3.8061325645876485,0.6998672035436744,599,2.9445636083259634,2.5995002653807187,925
4.394399177878251,0.7957699854572562,381,3.7603134758429704,3.6258455802404463,738
0.6132147186269135,0.6884837767278409,305,2.431481358352908,1.8281805174882282,419
5.834504186890968,0.9950672031986588,416,3.355626400620088,3.6070364494700105,873
5.0784345244023195,0.9776237358746453,404,3.2155042445054454,3.331487721403465,795
1.6678651087305187,0.6157707245474023,269,2.5906029551436656,2.0918194513114594,428
1.5000373196390533,0.8822300690062754,243,2.2732018073023452,1.9598372830878523,454
1.508724804193886,0.9700993269662663,528,3.303279520954553,2.7047032777553164,696
2.1733323362774577,0.6722301380509333,500,3.4771949162646614,2.6381581025674934,729
3.386160373977308,0.8271780922210518,427,2.6312546875266998,2.6619140409520785,706
2.8756976025316368,0.9661953190352167,383,3.2896652080446276,2.893797332458665,678
2.1017602710892307,0.6135783914343195,306,2.7902618152230065,2.226933566021342,465
3.8651909209730873,0.878968106898736,283,3.4264137665652354,3.135472401093671,614
1.26721623358623,0.7189396029490203,537,2.398430549788106,2.105792339455975,670
2.1067955669437,0.9697584781506121,449,3.7804300052723487,3.0239869991107713,644
2.514990138115304,0.9884232980661471,562,2.5748191929311597,2.4791042244291774,816
3.0083849131936975,0.9777065956453735,220,2.735571975512306,2.5610071786327246,518
4.818467787661575,0.7896856866629856,395,2.1161839041606996,2.6250703596862905,746
1.5982058018709786,0.9448170603957253,377,2.223024424642553,2.099933413197038,537
3.3282894112748638,0.9378197594140282,206,3.0317238054246562,3.0446809526050185,497
3.7582801287412337,0.7276401892973022,269,2.535185353455943,2.5462669189908116,565
0.7554772699599874,0.9315661896602709,326,3.6709604514843885,2.79316368122253,475
3.841496685457911,0.614803053886197,598,2.0293867773099077,2.2416593789859003,908
1.4378826802801035,0.8385079513928212,359,2.758188097343872,2.407479753205774,527
0.8577837614190373,0.6920035349150813,447,2.6746910935381853,1.9812895836118782,604
5.718870454893333,0.6482267543109115,402,2.038655261835202,2.70075848109188,814
5.8109761819100765,0.6307812806516836,347,2.2487367980010204,2.7442800978316324,751
4.946185414640536,0.8785155103512559,342,2.8272853498372705,3.0305956792601223,694
2.175375730453539,0.7359499855072265,398,2.9857291688948933,2.530067890075371,596
1.0371966270351112,0.8899067086115046,353,2.808579494509738,2.2737737452001348,497
4.263281645816862,0.626142536319577,575,3.0618753568241877,2.92861565347352,912
2.920838715567807,0.7261161351322442,583,3.190263349811363,2.8102435253703293,840
1.1712102916462834,0.8157965169501349,341,2.0198476422556713,1.9302810562189316,469
3.223473005611986,0.9162892659355855,512,2.9281903189070078,2.8666694674023576,800
0.6891368661337012,0.727501001172828,364,3.9269984817751764,2.871942322010667,491
5.501262211433302,0.8503565505748036,513,3.038064560259097,3.217679846069653,958
1.923289898800093,0.9543910992944749,220,3.355084534917906,2.69054105760572,448
4.143872563946901,0.8463452752729218,281,2.623727715833766,2.837079308222584,629
2.21441091849176,0.6931837899014535,268,3.547982756305525,2.936550032695228,471
3.3603741164779595,0.6097603126226152,330,3.5458429637522304,3.1907517941710744,600
3.506906536388038,0.948039549560372,286,3.0425920953082777,2.8457543216898,616
1.5166995053903987,0.6085077643401549,417,3.9520276465584274,2.895004729213163,542
5.832715452705072,0.9498806690736797,504,2.251100429525307,2.7332071996331266,941
4.76323052848613,0.8115748536108848,570,2.033895329779162,2.4583661344029895,921
5.66724417860304,0.9756270794051585,544,3.540316423514192,3.747546572649131,989
5.421550427352068,0.9195132943094662,540,3.6143110747297653,3.5740525101092393,981
3.7884498834609683,0.999173644213335,583,2.2404144582411525,2.5656560888423012,898
5.570308292627143,0.7402847261806841,595,2.531165665917212,2.909824637948249,955
0.9867087612855572,0.9068753155724507,360,2.035104726733258,1.8135604173482025,501
1.5779057433052985,0.7607723654436969,377,2.5866172215611294,2.0570912887936497,566
0.7487500890079594,0.7919502481215636,316,3.546283747837343,2.602821310716013,450
2.289316819197954,0.851002185287348,395,3.035921055425158,2.3207032741195524,626
2.637725093292151,0.9494708456745355,582,2.696191186336576,2.5063584529139917,829
1.9924196747564276,0.9936333876797181,526,2.7434785898126606,2.278977119539255,719
5.058056300335611,0.9073093655458073,285,2.0027072514309365,2.696758808798689,689
2.462143296814741,0.7671067128669335,488,2.5996010551304716,2.436772712864456,695
2.0451398032805943,0.768542800910828,280,3.292917483275861,2.738862669182575,523
3.4848284573703667,0.8950329206355565,351,3.9483888876327145,3.5761128150238624,661
1.2750832373611947,0.695510858307321,260,3.694121653967799,2.654802331093363,394
4.912083394147218,0.6441896452525578,260,2.0471899292910583,2.6431428142966573,606
0.9100285402387396,0.7418488630563106,553,3.7971212093496787,2.8502371353061173,679
5.927878151302846,0.7148955966616327,227,3.566396826597252,3.5877164361616787,649
4.7473462311316155,0.718523248182396,242,3.560752247141961,3.486891908502752,621
1.5929362484379483,0.6934431004199639,368,2.915991518007143,2.234930049418697,536
0.5303716441798132,0.6168372758545447,285,2.7960105859090056,1.9479641745704164,363
4.985037856501588,0.6071495738933655,376,2.605831457666385,2.7425073031335248,773
4.387715391161894,0.9950889558944126,216,2.1313897179087316,2.5015147205289807,579
4.50953942422543,0.7711092534943449,297,2.456470726987398,2.578578258159238,660
4.741986906772701,0.7537306588638727,397,2.4932072699560495,2.868122313583251,744
0.9072455845374969,0.8718589130772278,297,2.9681541394204034,2.2851997257536496,445
2.471561506993499,0.6873015551460256,264,3.4948888131933877,2.901416708208831,487
1.1372798273882134,0.9799844735800901,529,2.947619656795893,2.3309864123458466,657
5.247068842315764,0.9145380057662208,540,2.115688898894321,2.5025819800513824,986
3.9281396975515683,0.6357644009249038,204,3.9155796019764075,3.4162871969052615,529
2.3199391366895705,0.7670323103139713,201,3.8854486381882243,2.9108444368344593,408
0.8495709265731299,0.9516473230248659,221,3.5703790862968168,2.6859371616941154,345
2.210402769436142,0.9778928089165642,311,3.9826558031284414,3.085999655447637,548
2.2885082711471085,0.7869606044999479,256,3.0889646656005256,2.824592295312797,473
4.5128339808593525,0.845364555684283,265,3.925536700506412,3.687170910966903,627
4.006566092453673,0.6668135784368301,529,2.1512100812335015,2.3693400777327156,839
5.3796700841697955,0.9964674504547906,297,2.7313614965227426,3.2397085626949877,729
3.097182088390721,0.6926686805533774,343,2.4507625360135314,2.2823298137610406,627
1.1577683526606593,0.9770927096540503,567,2.3916661682685403,2.1117383932218856,745
4.422846329726473,0.8598586595969473,324,2.281605897785352,2.617457311827156,654
4.684317767392936,0.8430947179515437,366,3.2448272831319933,3.2473998186717674,758
3.5870245866322295,0.8050754044066034,285,3.5626437114946103,3.30425665599653,613
4.740319489750085,0.6922679246871035,275,3.156596798840721,3.192178357407271,691
3.215875780004149,0.6706112128022033,543,2.2939254191764196,2.316647258910065,780
3.3750305616009673,0.6881944836280701,493,3.622247539866942,2.958143686068757,769
2.851475600972023,0.6745753048577018,258,3.2719094143274567,2.707266261206013,454
0.6398051970925236,0.9118337894267013,337,2.776331412253991,2.146222509182007,477
1.0934028484631746,0.740050103666692,298,3.348260591072126,2.532994203230252,426
0.6728605212770384,0.6231370706253585,391,2.5198099584856655,1.7826925351295582,532
4.000257261950792,0.9876410520563246,442,2.690384416988421,3.050506190963583,765
2.2289578959197964,0.9535143539853703,518,3.83497168626398,3.279819738061853,713
3.297138801405865,0.9711009132780852,248,2.5810090113428408,2.6566853644373603,533
5.491615606593512,0.9979631290585741,231,2.939976536315873,3.2686979808600305,620
1.8711072603188121,0.6695580996877949,590,3.7802822747920293,2.8889931598239826,784
2.7571060766959636,0.7584968075610635,476,3.415442700535055,2.808893712682427,675
4.655531261986768,0.9032953902816365,219,2.1244064523294055,2.574816331759538,589
1.7583899102039235,0.8784082472215169,353,2.2946060885579405,2.105580188078431,504
0.9233895040583615,0.661558362535942,582,2.0156831815438334,1.5345350972041867,697
2.093632991025724,0.9263332499962471,267,3.2618435804583266,2.7797836882031293,518
1.3867170798970243,0.6897762287346643,565,2.895346850820837,2.2749361130832977,724
5.613337087884152,0.6895270459290492,571,2.268549701804551,2.568827301243441,959
4.944662087604293,0.8147897691573655,413,3.915868242113541,3.578330769373979,790
3.9837206608073292,0.8371759739366813,342,3.05931944789124,2.9258456371287176,665
5.293033246032447,0.8320344831351245,575,2.4837865882257786,3.070461161130025,985
4.920196422945129,0.6365947349591019,431,3.001207142309415,3.095056776411691,762
1.5261353238731972,0.9509843450521521,412,3.3592406654702156,2.5676170451676406,610
5.409074491694878,0.7062400170354824,278,2.152478435947129,2.7044015956632093,619
3.466382330536079,0.6518059685131217,413,2.549407630095784,2.3289130326760983,673
4.940920853402344,0.9554992319475909,315,3.613930981767987,3.6470115579090048,697
5.428502149579213,0.9822605992919013,291,2.9193297408053223,3.1830900489340084,727
2.2490191123452514,0.9448510469061803,469,3.09315428406459,2.674273192796359,698
1.105285584902222,0.9238064298899512,580,2.8656320044189387,2.4425385563420074,710
1.7536433939806793,0.8620967922556086,367,2.0877998852860102,1.8195309700115605,538
2.8490928374444096,0.8203429482436557,257,2.331499559640312,2.1571436640592316,513
4.999081212573712,0.634794703964564,483,2.891083277483782,2.9300241579562365,844
5.234018207909889,0.7633812852282795,225,2.418370930815856,2.9070165992647348,603
0.5382367179215488,0.7490754068049256,568,2.0999580573193573,1.5153177331502101,665
3.3091101641766114,0.7039015135041304,265,3.6872993281036477,2.872546675288106,547
2.7957605173182847,0.889368045475434,447,3.9623850583282314,3.2472144708098694,693
1.7215929575890163,0.7983502940315084,453,3.586285747993479,2.8706042379175853,634
1.1592595203352554,0.6324184863630592,586,3.707569843409334,2.829387379631758,762
2.356883442719954,0.6880732807799246,243,2.483954260634091,2.1906624210278753,424
5.686003371518855,0.8733035054638383,296,3.9212539510263995,3.7981317863935455,687
2.277616126114154,0.63045234379612,241,2.3938514089068565,2.259405081510967,456
3.3533484195885137,0.9404827656195075,426,3.9028596207236648,3.2016043926301623,707
4.366604273923478,0.7980586108055897,461,3.989638587931902,3.547475374347772,796
2.4999628130861167,0.7922346309306592,366,3.4234456114920975,2.8899961708772515,579
5.844801454965284,0.8369631138638071,478,3.962287463583644,3.9260398868172692,907
5.793460122181612,0.9298723863700596,288,3.139079559134207,3.363108045145782,760
1.8848026270395029,0.7391236831608772,578,2.5190835663521804,2.1875042396541433,781
3.23486678240812,0.8712064610236254,377,2.8739917713312417,2.4710182683485202,675
2.154830703992233,0.8262927855983164,396,3.187121870757572,2.6079315362589317,579
2.0666227190760718,0.7068113080677685,506,2.1461631240540298,2.0290978127301864,677
0.7028782104499304,0.9514519945420632,466,3.2446865292344924,2.3697389540220386,546
3.8526038368894326,0.9189704086427712,467,3.962355673524589,3.521420757108708,773
3.264734627758738,0.8633807338633701,273,2.380215299567455,2.4711156489178387,574
0.7831331318749415,0.9402326916376967,207,3.5851902325767666,2.6495789224903503,358
2.032555553301363,0.946917680383921,496,3.8157975875592385,3.091803112449041,708
5.495462372816595,0.8833451906860139,363,3.8874031856404416,3.6885992056935284,780
1.8175903986683484,0.9348053313454688,284,3.9202712088108944,3.0689418095887886,472
1.296921796501727,0.8789885846677135,271,3.0429192774429437,2.4977529765921194,440
3.1919901815265965,0.8720563087041202,254,3.9546158159830074,3.3756873454736147,548
5.921077497608304,0.8474445512860738,592,3.5146204142688777,3.573312441641024,990
1.8313039933132522,0.9010866558230565,246,2.3233428724739236,2.1431228249053063,451
4.196745510732332,0.6634420421172295,598,2.95380021293594,2.948467025818584,934
4.688907884307946,0.9523483036795714,437,3.436662350744008,3.175724180922075,805
1.807006491958198,0.9487374110980928,303,2.4946806316381664,2.3536120483093663,520
4.505189917365228,0.6116989132138236,409,3.2812303670977747,3.080830295149133,796
2.522807229955893,0.930326700225905,241,3.3332009580932382,2.9191616942615064,483
3.977682068264687,0.651547946989378,515,2.3253994876171316,2.57111997738349,826
3.984413409184921,0.7340475417036567,467,3.130170624905513,2.831436703738708,764
3.446760762411172,0.897403302516643,585,3.543253821957215,3.1033216664204657,885
0.9965937352992457,0.6643039584193232,462,2.997791329071884,2.2348602582831383,597
5.094163725740809,0.9271868096476249,535,2.024206233552215,2.525855857026098,937
2.264290357344547,0.9328536711830968,586,2.0180769381585844,2.2103393604209796,794
1.5258518071991982,0.8029870935043345,564,2.7140586879400246,2.169123202222909,739
0.7242632785512015,0.6025543486867334,458,3.852388136863564,2.641752599354385,590
3.74991118753533,0.7148152532699651,482,2.4573535592072178,2.53075937749968,787
4.226603990132553,0.8467707673502969,313,3.2687273777433745,3.025050579005045,670
0.5912330591032089,0.9924744712109694,562,2.444151741386641,1.9421593739613878,691
3.3165118206460455,0.8527254108066673,239,2.643339979319097,2.622141842168352,538
1.7457267635886589,0.703921432425664,419,3.696084179202968,2.8150783927715266,599
4.048450347251974,0.8536022812398445,328,3.4577228845398937,3.216426026780274,637
1.4590153595274529,0.8159941518863422,207,2.1907985546264213,1.879746654191043,382
4.300157559563562,0.9119381580604574,300,2.8574040419728672,2.7878021694025388,629
2.6270444046529557,0.6427922555307833,579,2.0583395272905287,2.0496888206511454,788
5.65201493805204,0.9044111610008112,375,2.9617802932060178,3.444728935099067,808
1.2563651928029629,0.8165066314704441,306,3.324868023402136,2.5746366682683957,468
2.3758649307764217,0.9851968015435979,300,2.2370052471963033,2.23398126681526,517
1.1241043668232398,0.7367488664154744,459,2.5777698778183313,2.1354546221335227,621
5.585814900532095,0.8530487572535792,565,2.795673251004314,3.008853383955769,990
5.325366443595396,0.9728112422040069,445,3.8390620493120995,3.927886481000902,847
1.9186789524333558,0.6410038911962717,474,3.986510030845928,3.052276245115017,622
4.129912253187985,0.9748913948945804,231,2.0898225979912315,2.633018257299079,573
4.994722101106687,0.8751542889203253,336,3.522015846990784,3.3889123444315388,714
3.553604463797043,0.6271348236420687,211,2.7434481328046862,2.78944989415483,489
3.4130781809580357,0.7203854267787265,594,2.78491637245896,2.7192351797819523,863
1.8301875999524841,0.8832688354581126,501,3.508529946694045,2.8797670307754046,658
1.0120652229324456,0.6269402405875086,574,3.836852864290817,2.7787033048312977,689
5.434686668743297,0.8328681840705093,215,3.9018571890050966,3.736346058972476,618
5.452299314398317,0.7383532227811826,328,3.1542451720766413,3.3984014210855085,741
3.982058015002974,0.8483662071069908,262,2.7142423186010056,2.7783394639887993,571
2.3646638507678537,0.6182968135250051,308,3.5750981717175585,2.6686034282353925,545
2.420652660369635,0.9486147224609505,574,2.5020027665246003,2.2530594348023674,775
4.4927562337863165,0.9893955876709588,220,3.1281480576670355,3.1526137412065935,614
5.434106429739174,0.9875511421142766,357,2.717156923049746,3.1431357949399485,777
5.378975333458145,0.8998607326971699,468,3.3132621474157524,3.418037799329958,897
4.789315502216931,0.6520344960522527,361,2.480797825787014,2.829052673315862,715
4.0311740538485825,0.903305278371609,459,2.3831858914696515,2.402358270596288,813
0.9627698074727686,0.6098347665835205,301,3.836478173350874,2.7527335657890024,412
1.3889579275203756,0.6088494206115989,422,2.2036073658990736,1.6616978507494435,544
5.442048036898936,0.7294440876598165,258,3.0119158154698633,3.263307961274048,685
3.8353598281277446,0.7954572761618663,446,2.441705565926018,2.540832344201706,753
0.5505837838914631,0.9081629671231173,327,2.077859926651335,1.7620588968207522,455
1.0580934857631765,0.873318150642602,482,2.072037636582853,1.7177802433004112,657
4.1492597300943075,0.7783610825506994,524,2.3504435442116547,2.6794089987319087,830
0.5278387111542028,0.7094506665126663,224,3.7335407090120007,2.7336449006489927,338
1.3844442827962427,0.9988498000630844,330,2.5649574879540533,2.2737576996581033,501
3.5180358415162236,0.7704725208943892,552,3.900918341150591,3.3393954566650113,837
4.305423587309813,0.7805548097318702,395,3.1632445859783873,3.1292391214712563,732
4.085786927264303,0.6654495284766676,480,2.873228379537532,2.736584967767312,761
1.7334812020330788,0.9179238194999717,353,3.160177669338909,2.695527935712021,533
4.416985717411447,0.8774728903125955,581,3.0333967704525353,3.2193724513112407,960
1.8048699812324003,0.6883078451155041,332,3.51755250751465,2.85388969479939,526
2.2896983398759723,0.6329524182463371,426,2.5649921319457043,2.1771556674604113,625
4.605702728149133,0.8721997208298853,388,2.706100783200605,2.9298226356094537,756
4.0729809447596805,0.861804485712454,464,3.7881886050665017,3.302916991900954,788
5.170728757717979,0.7093038107992837,571,3.892913026300811,3.710854122761363,979
4.116870907651888,0.9803454249001642,333,3.785116454972949,3.5316425657604666,674
3.625697318345094,0.6604231567123601,410,2.8388959879146274,2.505664685149523,698
1.0152112230545085,0.7729339204170408,259,3.5607310060137634,2.5324760319947397,420
2.5224369168268845,0.9774463680670396,576,2.9526714666021974,2.6387549208791348,809
1.95861302224949,0.7678909267704489,594,2.9950797042922046,2.465840823019318,819
1.8419430385849598,0.8554103790656342,563,2.4093602181145677,2.0352211966701055,728
5.851558051138451,0.7590377591851177,563,3.182260606517033,3.4221809507471748,990
2.6620374856671822,0.7096860809394681,412,2.3722717955066956,2.264792367707292,635
5.406256053474123,0.9935910591839313,415,2.6631293981343873,3.057138360051178,833
3.971262442984946,0.7637336025260172,425,3.7100604032398703,3.250203021535482,701
4.8714621694790665,0.9576396814716538,330,2.4141516184217107,2.9107099901791575,708
3.2645040120785564,0.6919818423564345,275,2.142316570346866,2.380624192875234,519
3.672971365444975,0.6852418816100333,485,2.1380151852256324,2.2431439884837343,761
3.2088473160037516,0.6124536331538045,476,3.881569041006216,3.1544756493505193,727
1.5738364328892447,0.860666730150354,355,3.0138408759236692,2.5164592707333915,554
4.473486633938279,0.7474105374895045,447,2.8188241436340364,2.849153089989181,794
2.044247993424707,0.9457432999358548,417,3.621757162015837,2.9462614958024615,640
0.6337378153729961,0.7892839626766228,389,3.671651855821032,2.7194175768103346,484
4.050097627489423,0.9872773711658887,362,2.664382066231209,2.612624104952236,686
1.4741087367387693,0.6742102062812484,379,3.3872361149475907,2.7286777313140744,570
5.672522213941028,0.9474492671822443,233,3.542245631703773,3.6460995811163017,653
5.746607173514231,0.9106387411166967,240,3.309301373731909,3.4580084409324523,708
5.531754146212467,0.9083687378576208,506,2.3031901496001987,2.842688998723516,923
2.5358728514049442,0.937913291246755,537,3.751766167034114,3.129642522502211,782
0.5850113909087709,0.9044095963771995,513,3.0781891054720174,2.152559449671352,659
5.605752094232489,0.8504881286525661,274,2.564944852740007,3.1498064046968524,720
2.855012815745229,0.652497951072955,478,2.8504563708753876,2.546408129330522,712
5.8166015047401824,0.6130104717965007,375,2.0751421807978145,2.697910011190063,777
5.799909873990891,0.9683391391262748,583,2.255733602444835,2.9959127689729934,990
5.191552005070481,0.8466601258082952,349,3.5310935010317217,3.3935143062004167,751
2.1194689063827212,0.9186149163904705,472,2.0000232695107325,2.0387008994426945,708
2.618037507310589,0.7926089406050201,524,2.8331316569645844,2.5137659627929967,760
5.181251693342713,0.6469232755849578,307,3.0450203621711767,3.2067089437268805,694
2.243071028359527,0.6500743168810201,338,2.1092688400019446,1.7614824943903304,570
1.4322101067735087,0.8742261148915885,549,3.9461563259446657,2.9939168328540093,729
3.562406943520926,0.7721223579597851,470,2.4522506624993436,2.43239866380931,767
5.648851257884296,0.6802098906801347,546,2.6083974392725615,3.0101189664758654,922
4.328163881712351,0.7966378186965748,488,2.607885024510055,2.796023337263953,774
3.6353364354915074,0.6256835748300537,411,2.4608333242346996,2.3830781220889397,699
1.034470715739227,0.8327885607657595,580,2.0029476441726226,1.6705607675401182,723
3.8825397468454335,0.7075973617740391,471,3.458689588175993,3.1236941101285653,764
5.945296175573448,0.9190236402548753,265,3.9336909995985705,3.8272190682442613,718
1.2704620838008822,0.7241447835694295,447,2.4485869665700903,2.097100879675215,594
3.350813088000552,0.7820880596327204,355,3.326094383606845,2.941733751572561,656
5.325551895603755,0.6046482159632403,246,3.48379265391743,3.1065464359243413,627
4.574227397648125,0.6289787551178235,400,3.6968507581810495,3.347065230823204,722
4.333586575473974,0.7569974225626739,347,2.8452583940272183,2.772816938451798,702
4.363662461929101,0.7919755338868494,323,2.6058618112808585,2.5899122111629804,659
2.4772013317086534,0.8400082192477215,200,2.650590268046062,2.2980550510461994,443
2.1147551434547136,0.7166650314837213,446,3.4252426661970254,2.7757034881859433,635
4.951486355131825,0.877992754450617,542,3.633558933011272,3.654493815438198,913
4.955623670735494,0.9440489588756819,327,2.3632279355132053,2.8179995263917927,720
5.26889775219057,0.91194039555734,390,2.7418820163155306,3.0030345796287947,797
5.522823039060592,0.6158475301393428,266,3.8038803934983,3.6788222754839057,668
3.3123831937351578,0.7922027789031316,203,3.6133870393894787,3.1014809429200723,475
3.258339620779598,0.64197207136727,502,3.9697168055249517,3.220826799101484,724
4.890623484317263,0.696818006345011,493,3.5084965193641615,3.2465135441966555,847
4.074801619277708,0.9946650373068586,342,2.7863904020558445,2.70947769933662,701
4.360817824917369,0.6569982171606052,390,3.1812756679892757,3.0047358819853365,711
4.876859681898556,0.7995552613805424,220,3.3220285084946406,3.3042164950207256,587
5.395029379996615,0.8472622937272476,426,2.156911632634248,2.7023954060692823,854
2.358973362683447,0.8809859882176416,512,3.08899391820773,2.635988725953648,727
2.565706239519692,0.8238594733947656,316,3.418641656945219,2.799295425359298,521
1.0169006691247795,0.6039083389676735,501,2.3346426080021208,1.9065536533817946,619
3.6805407754789567,0.7305845232975967,341,3.5612634348511145,3.0333868333308405,625
0.6976825058820815,0.8070846573538846,238,3.1675455610282235,2.4405004921192517,341
3.060789099728531,0.6351465996579333,592,3.9044435713951895,3.108660900753321,835
3.4845454908916715,0.7402507724836723,554,2.0848445964137836,2.16867264128477,846
2.0759768867055644,0.6132812435165466,451,2.530652275110934,2.0322207207527243,636
3.749582933129559,0.6314313988620083,532,3.203107758599648,2.87421358664194,826
0.6677513746647719,0.7587693104806384,406,2.593119824411861,2.0904611396201243,558
0.7054150381206793,0.6530863016172241,409,3.428848328142484,2.5111893340009117,509
5.02430308362812,0.8270163393046233,314,3.518010565043862,3.544315702676594,703
2.4810485277619456,0.8757859876549063,424,2.205031928132949,2.221757512087515,650
1.1988328195853664,0.9202346796436331,333,3.0277089284135354,2.314118809969611,480
3.3723379303014243,0.6800600976979241,450,3.017781111182112,2.724081369415966,708
4.734964542042359,0.6669930329036279,418,2.738561540431082,2.778907132916826,759
1.6870156512326375,0.6418271361337601,290,3.865849725139344,3.046701310187542,462
3.9258976170045012,0.8545720998174546,553,3.6550126397464426,3.200337082533116,920
0.969411057465724,0.8825902905947605,575,3.3944187638192735,2.672939354961524,707
0.7842494664273423,0.6126344579302568,245,3.428653271469995,2.548391026350445,344
3.422450473624814,0.9744848984974759,237,2.9234322876262384,3.011305446871305,538
3.473493168855586,0.6207885134605889,341,3.841989042193152,3.2072388052082936,619
4.005864458240136,0.8165185341204282,299,3.3891908545065705,3.232527033958157,626
4.493502335474639,0.8836242077803665,527,3.457962123311633,3.555092607847939,910
5.86718643704394,0.9483876494984342,389,3.7233818075746905,3.7250572640596067,787
3.339651915656574,0.8856347728529711,234,2.548143178684382,2.3975661747298966,475
2.276260601176853,0.9206912332279167,346,3.614141807733406,2.804012694775804,564
4.8735240712278705,0.7357800770171224,229,2.390481205912984,2.7745767714863465,616
1.9895773819414082,0.9259300454986049,533,2.6906839044897755,2.1943828164757306,713
2.9143428138809986,0.63204593855387,283,2.671220908539685,2.4011875780277667,460
0.9315100973824628,0.9579266624242111,568,3.9570509367782813,2.9874345652170415,731
0.6394290887850163,0.8190369504614945,480,3.7130744474958535,2.7018628201221047,605
5.794566280728588,0.9269191079849974,543,3.4023397231805195,3.6136292196664455,961
5.097890662817132,0.7809273138073201,469,3.45411352323078,3.4266461576049076,833
4.327858133515338,0.85743107807861,353,3.124145588805142,3.2109179925489357,679
2.7492411942784845,0.8105610643744453,301,3.894181334217038,3.1153498270618183,549
1.4531187603896518,0.8926358087021327,414,2.992517505764723,2.375489065171764,577
1.3604037346909732,0.6326519928122358,349,2.7610354197397893,2.1044968513798796,503
1.8763359399052744,0.6241408335962255,282,2.326070673863182,2.1035851069237146,399
3.5207466558836624,0.6988412936040586,309,3.5724113045221157,3.2171724901711314,572
4.430277574850343,0.6638178720452753,586,3.468887864151183,3.2780379142107394,895
4.131085571947522,0.9487134266368806,474,2.7687100770482695,2.9852778979622108,811
2.0396364332026855,0.6876855949432177,400,2.0503868279184587,1.7954295346312612,580
5.751759043647567,0.9903461023276525,483,3.6779946554360214,3.9200094540773005,943
4.558433041826727,0.7347583167084427,372,2.022835966908147,2.5716153773648367,681
3.5489472888127036,0.6728471662754797,526,3.407399559258102,3.096930259552168,807
3.8644641042889374,0.9158794028569917,405,3.940514219452114,3.6817330045489585,739
2.8078003433528447,0.8634831102003504,262,2.875322656296407,2.466484585760776,553
1.8625204422563661,0.7992782865812555,272,2.4699468099919057,2.1217386754526535,454
2.4578497325819386,0.8221454203750524,450,3.4097420200867634,2.7927429806502713,686
4.66815360755403,0.8876807113089056,323,3.6342562840311703,3.5414047088288045,655
0.5791641874636573,0.6913818965325195,574,3.092860632155695,2.1430879014389417,630
1.1383995227880392,0.9985335664226968,320,3.9340705505122924,3.06328517636781,505
0.7530145311196401,0.9899172648587132,474,2.1033374433159224,1.945625892556638,618
0.7240084127543358,0.8601302745387747,597,3.0095911966090565,2.3641288003402106,750
5.20503321206054,0.679816980371658,319,3.4369078946451,3.403453273713981,671
4.37011822659013,0.8720912969725165,516,3.725280942298358,3.3592413953959728,875
3.1079560599802885,0.6288793635916703,363,2.3585112238155803,2.2035645951095373,649
1.038087883580508,0.6122610008823224,485,3.600006963527363,2.7374880457151147,616
3.203887313142578,0.7030731554044855,464,3.1054141514370905,2.8631901160430973,732
3.104094739293111,0.7850491826957265,519,2.793107363979926,2.606801087387114,783
1.4526102845050834,0.9473090021633522,360,2.263430057158187,1.9857127374846808,510
2.8861840708088518,0.8908676279065232,575,3.7305915178178246,2.969357988703936,864
2.691776039185554,0.8970826084799923,507,2.3145464163594305,2.178830859176322,745
3.8871755392871905,0.7701973337792302,288,2.6195757184181985,2.8484013811340216,608
3.9930150797720407,0.7383739970187851,341,2.5800910639248738,2.5139616960166,623
0.7491720537462448,0.748415505193841,402,3.7428280683817086,2.7138454359779187,498
2.5603693804455916,0.9950598254944232,508,3.345405988417796,3.0180857966570844,789
3.9422295364283,0.6160436765649929,426,3.5933627943827444,3.0653887877410737,717
3.267249422190482,0.9468125984489795,533,2.500935797584998,2.5512074498467956,852
5.210694126535772,0.8314701634289574,421,3.2497481992139976,3.4183673639582017,815
4.122814973904198,0.7754461676758362,240,3.143491966287497,3.0220865738143976,528
1.3961393489478633,0.8901030641660546,395,3.6656607535765424,3.121505853168596,585
0.8881281107023642,0.7946675765698812,267,3.812174120962521,2.615937199458118,387
4.033306030134736,0.9493692952326642,463,2.024313542954774,2.5068699028812658,813
0.6458122079789199,0.9602807456045034,201,3.348039838117585,2.5048184689684896,336
3.7217656970040482,0.7686883707493821,560,2.1036715982394583,2.3912234621279045,829
5.671266327837267,0.7107311188940206,324,3.097717330154712,3.321306826387813,738
3.665107978317334,0.8369401314373449,309,2.5752654580873564,2.5396413033798186,656
2.6349345941358706,0.9649453382466764,285,2.6135531990442824,2.5039966127983484,549
4.038085201432942,0.6842648756022667,319,2.705917006904713,2.5190830495304937,628
3.0203908977033413,0.8491866334253931,326,3.2425848980992202,2.949628521827497,613
3.500892341237642,0.8526240880370082,454,2.6680999313375384,2.671903908863907,753
5.678056448270889,0.8932452089661124,382,3.465398101180561,3.636014250813269,816
2.623564507904258,0.6526270740509039,215,2.809054771147739,2.5770084263985717,415
5.786548101031528,0.8863299858728354,261,2.136706400619917,2.8306274389483614,701
5.479428530758351,0.9636130082662564,568,3.5675196849682145,3.6366516624189287,990
1.5768512413411304,0.6718732435480967,357,2.571516649185412,2.038922701532583,502
0.88148715481341,0.695017329969551,467,2.8655337591985255,2.1024025421047123,617
1.0542790075758466,0.9885580376166558,234,3.3708877664438033,2.747485138445847,394
0.6002200410835234,0.6723907810837959,466,2.664912314297424,2.131581249799275,551
1.0194362841576061,0.9417540373478317,263,2.1131713122934315,1.8246806155155075,438
4.256537253789963,0.7969111425792139,249,2.747842094025627,2.823377438930382,578
0.8915375665312595,0.6988924297612709,454,3.888897165388607,2.7007413469445476,592
2.254365966615687,0.9482999605090046,348,3.283468794597116,2.9175501388117535,572
5.146814210332,0.7781221020010662,524,3.342958297334414,3.4129283436366524,909
0.6279956465470422,0.805926941571876,503,3.26456430727528,2.6008302339497016,631
4.979576654239147,0.7436933477599063,475,2.397984277918874,2.6443509289851423,853
2.0502012612536995,0.837180340573971,556,2.83666772820456,2.409112235501243,722
1.1499065519191094,0.6654095490340091,371,3.5018795967266367,2.6204174802859646,484
4.332054409502828,0.7564326146607043,400,2.2027457951063183,2.5552803586012156,754
3.959185657289362,0.987764928934115,592,2.5557055521794245,2.6987996705844095,925
5.326096074398791,0.703253373080451,523,2.5526382169317072,2.790807385225593,902
4.542890740921372,0.8626946658165169,234,2.8640378551890118,3.060219480516645,565
4.919145117116667,0.730076025689878,415,3.96073748188437,3.7244154590844647,761
2.051190149142186,0.9093892502746402,264,2.135005093367644,1.9633693759025068,437
1.4759174907884756,0.6523494642873399,207,3.0374019887611903,2.514108757239895,358
4.628381134024721,0.9879284180314178,500,2.3587293640244207,2.853105083351824,864
4.9375910659699525,0.7815158165534557,542,3.9413530908194883,3.6783660440318453,897
5.947778281003703,0.6944201853385856,531,2.2266070094549284,2.8112477222467356,955
2.7693972230128456,0.6293986989320051,275,2.8072020047231825,2.5453659041208714,511
2.5460994718603076,0.6679031620350163,373,3.475769969669212,2.7756728339619694,634
4.770271284080983,0.807909579422407,246,3.409108856054891,3.3256865501345017,582
2.3744194713915983,0.7348012705725145,214,2.8454572737878645,2.260840412319126,453
5.619165290819606,0.9315533463530438,560,2.6930483359054365,3.199928962798694,990
5.221270135136565,0.7723550094647224,346,2.795224757105741,2.8741815628324603,720
2.859467150562601,0.6994857090350519,225,2.5285525263172786,2.519161212359808,470
4.629790872853236,0.846857994641612,507,2.4106658774135994,2.6780888894788064,860
4.649985807465753,0.8827108867541783,292,2.96607939511778,3.0415624550723726,662
1.0671812785976293,0.66681676316038,431,2.5370675121352146,1.939630077656356,591
5.464040986737617,0.6670476865153271,220,2.5749233297945002,2.875777382438147,626
3.278888048463214,0.6146685707734172,506,3.313512126949114,3.031605448686282,774
5.045516063592579,0.8945608060262562,237,3.9370746633997844,3.480391467515381,620
2.2602728056683645,0.865521811048722,475,3.20727440111875,2.85032446483323,667
5.425377756729103,0.7898523502999255,356,2.153958934129933,2.7271942000539213,756
2.640609233037897,0.9376681795876789,378,2.151167227708134,2.07318729028181,654
0.559607083141641,0.9222680611800212,331,3.902846441691132,2.715005266810092,426
5.4796008703059504,0.8341417457587008,510,2.5945815806146673,3.153965123454291,901
1.0020767223237346,0.9473085122053034,547,2.184133972164951,1.7952684446515659,704
2.2562250067472815,0.6823364840147073,227,3.198089174300763,2.527698048476201,410
5.7253408187794275,0.6447678477590911,459,3.2472975565805324,3.465085291044314,851
5.728339308156558,0.7078998446067959,275,3.297009640237376,3.4408888712450474,681
3.6539083846780738,0.6228347424357259,266,2.5348040557150826,2.407005449685315,520
3.975104666933896,0.8124678112004128,541,2.03022136842895,2.359803376464776,841
2.9664503708807586,0.9746422769179846,393,3.9300307389089437,3.2385901599246836,682
2.112659244339355,0.6157374162674039,361,2.501786091382205,2.279980610046416,523
2.3076549995345377,0.6488439656040107,546,3.3520525761050948,2.8384372282988823,717
4.1988515084237115,0.7808796113133741,560,3.413259739757419,3.2532786099467375,877
4.63805991190724,0.973550007011162,456,3.220014834158971,3.285206991805997,846
4.853684740492167,0.7264624419907002,271,2.6258147884272964,3.0129296104378285,630
4.842899785370046,0.8028939234753569,286,2.5421925075281315,2.815021663719854,647
1.0016335667677971,0.6166291436201569,461,3.1953365654054062,2.245992897502785,583
3.219311675864198,0.6593372803848355,413,3.7321912672233832,3.1918593989440343,637
0.8165731800915436,0.9946520491835388,352,3.893467457846791,3.10586063535351,510
3.5224088527805453,0.9860474785744182,409,2.2118116088075155,2.3245117779518,726
2.9284177575535737,0.6019759923737639,260,2.3096572251954397,2.1761220069080855,487
5.382373005170649,0.9807247141692956,467,3.8894725175661593,3.8440926010516887,908
2.430032569036433,0.8556479751262,461,3.473070456669585,2.906717492958944,669
1.1438685903518322,0.9471673178080089,417,3.765987649659546,2.769002876951566,602
1.2864542512905972,0.7818959422535436,482,2.4052652682706865,2.125394173744996,640
4.688308474446098,0.8062384114317,335,3.1751717422188035,3.3972641769949075,690
3.9001993482394357,0.7955386321027681,579,3.4022791888349473,3.1592359816923534,892
1.0561747186753463,0.8667457030184418,561,3.3602237708939455,2.4836606585052134,708
0.9625874336324859,0.6558605019025251,292,2.8163033817333964,1.9897476640221976,439
4.35533022302516,0.6119894359490712,308,2.030789783382617,2.3601332871363483,608
0.9001965350030644,0.7231719766364764,440,3.1658521136085263,2.479207100151945,551
5.020230326096959,0.8818723050946586,554,2.5062030783592175,2.9080336089223238,964
4.384332249360729,0.6807413808491793,341,2.9005084922857804,2.8892277134914006,660
0.9474182935304487,0.8693729733299669,490,3.9151620301676346,2.8274029009597266,651
0.9666074274685555,0.9879648184429082,436,2.798070635284869,2.1581334307699866,626
5.926517681756465,0.6375602863157673,539,3.6796032133288534,3.7315647115073998,950
2.558489376658662,0.8690408472900505,511,2.3770812114985023,2.3769401032854125,765
2.5385318088679,0.7775000877218284,376,3.3449209960500577,2.6710860158232723,582
4.970397619916264,0.9472569017510022,340,3.954013908877887,3.9043745278284545,748
5.7098671756112225,0.6708599157789543,388,2.2037862017458734,2.78999624457075,801
5.92300585102579,0.8770503808904657,248,2.016639884454384,2.885364717748554,700
4.643580018924179,0.9352461158592441,501,2.8671655852652287,2.888901026439159,860
2.5694277204200366,0.9778456877896093,568,2.1852509661027346,2.079591983319948,786
0.9592539418426782,0.8732992113158583,389,3.4967686993524625,2.624334761529627,543
4.774308037600902,0.7988699056033709,335,3.829097327697118,3.6221464090693187,660
3.571223373546928,0.8471388960804855,242,2.8680419454175174,2.953561482684787,534
2.8332210508583695,0.9475619937914873,579,2.517423284310882,2.526730869656311,862
5.4849491180210475,0.8282438986555318,552,2.8688066380132193,3.1253032381931507,967
1.1115861526838324,0.6121548238787348,289,3.446895635700002,2.432679620741672,455
3.2094380735997254,0.9723794782027911,494,2.018108323160742,2.3647044571694216,804
0.5624450462208048,0.8758107004126244,540,3.178907978969394,2.273687534215776,648
3.0776335309676943,0.8706053543108986,444,3.226583369774758,3.062565725259985,716
0.8096680162501054,0.6862700609590868,391,3.275376493791871,2.3732290589481275,507
1.1534985394743955,0.8635541880930628,517,2.4840441599617544,2.225606086370942,640
1.146394357274077,0.7575457622616634,305,3.4281054467562537,2.6570535734191605,430
4.070656661638349,0.8604931908165968,562,2.182782972663553,2.4542988433081945,881
4.603246835959828,0.6426372121231962,509,2.398540672933602,2.5648890186187923,808
3.708528208034378,0.8631381218412144,581,3.7549400933089636,3.3058341585941315,890
5.791949016609981,0.9997654903082667,432,3.4774463014531327,3.687595449554706,874
2.5617881873803725,0.6192848155442224,464,2.0274911080226907,1.9842818781291494,646
2.071416474550234,0.990869673688527,543,2.4967525207396006,2.2493015360223474,774
5.277295205042032,0.7627631842891482,236,2.428812965986329,2.8012889532840997,643
1.7297771118569896,0.9483013801349036,504,2.541612656073945,2.258101271041641,707
5.797723966923362,0.9129541936233094,240,2.495119540559773,2.8089247857283786,672
0.5668496107939899,0.8268065043946671,216,2.1250525914856917,1.76494089028695,344
5.834333546892014,0.8953796837005306,543,2.9178810331936407,3.177775080303119,990
0.7373795157281686,0.9514062245205391,476,3.4654669495723303,2.491985322376673,621
5.401287125339391,0.7616561286604132,506,3.213463449434873,3.144263511481896,889
3.402356099974649,0.7308132646252955,258,3.3457433371961596,2.8008532783759548,540
5.961306378656152,0.8670373542254339,382,2.162298357072478,2.7009104813536617,850
0.9058811060446937,0.9231383767765035,240,3.9029814203535746,2.821318328368636,374
3.5461985642072644,0.9049140539106463,238,3.6769836676860495,3.472721448769997,583
5.831163945905044,0.9191254595434538,596,3.610180636991325,3.647403387603665,990
3.3770381429358185,0.7742333259251732,391,3.645967610083535,3.190456535634157,671
3.961692509743944,0.9271336864700086,466,3.8654210162655227,3.5224927249467384,782
4.326617789415394,0.6480836221482433,346,3.0885079322273956,2.9907682847003985,674
2.9999758562227528,0.8177956391843398,594,2.400564035735252,2.3597075022868386,820
3.951569440462349,0.6023034641992486,532,3.233567215705082,2.8518462268352938,818
3.7137287155770515,0.7298343319601082,326,3.485762987335878,3.2712300231289015,599
5.45636905770044,0.7465846139485591,245,3.4758347867080506,3.6561281935081302,649
0.7499550918780182,0.7584690766437021,244,3.04289804833376,2.110851608621072,384
2.045297542757267,0.8781868826759449,200,2.1369174386671563,1.9400818657334875,423
5.727263162421073,0.7554232405081382,367,2.742225876860256,3.0649764205659227,738
5.396450811400039,0.7794774490490123,307,3.841533216926715,3.5995472925646226,749
3.006112140321421,0.695017652349731,218,3.168897819514852,2.831164736058674,473
3.910729287908452,0.749300716651736,531,3.076663886511427,2.8550372559085795,825
2.02559650639623,0.6909078509052606,271,2.537707028764387,2.4206122656806426,464
1.5346663784806873,0.6292783695073775,308,2.7368978398331576,2.3198381868333424,466
3.050341227169902,0.8413794373525512,467,3.7906921783063385,3.242292730422025,720
2.4434372541432907,0.8672851194220065,439,3.332926095053671,2.9380557819616366,676
3.7101086151797964,0.8477961384038458,500,3.5747740535046657,3.3365946529360277,795
0.9275405033074167,0.785397617520229,289,2.9086908461353103,2.1884869065449366,415
5.859171442163916,0.7519143120716919,302,3.260494438912316,3.347274952154653,715
5.924159094637816,0.9453334598287301,449,2.496767217486415,3.068839839647869,870
4.339889427108599,0.8076327140544872,207,3.4109216605669728,3.3237475798334923,551
3.448530014892662,0.7916727510518924,352,2.8552026674066746,2.733402743708636,649
2.2024018895748023,0.6102568263225743,546,2.885091029629491,2.2579380780025846,749
4.975872608388218,0.7364991310504625,373,3.298644649153763,3.188678519195002,761
4.266021449046336,0.7520782475143428,542,3.872561242937853,3.4701750482182785,879
1.394393166396902,0.7595291123587602,357,2.128012693217242,1.8519313337206464,505
5.510099514716133,0.8320689476909329,414,3.649486474694015,3.8217935845149893,844
5.023954836077429,0.8134410186907514,376,2.5847662208243865,2.7424283129465183,731
5.723899523105582,0.8431620371173778,374,2.8878389090127556,3.2653069890593085,783
4.49145729613598,0.9059533046168513,539,2.043826657550018,2.635880086436776,879
3.873783577646844,0.9251942954864374,537,2.6020921556686263,2.9332347016673994,883
2.800336699598404,0.8872492304905977,345,3.005262485260261,2.67768478095368,620
5.630006658447073,0.9822094783819739,523,2.112352154694878,2.8354393611311504,968
5.263351392252246,0.6072930330705446,360,2.98219145876633,3.14187840265833,757
0.7487026855840417,0.6783111942734185,326,3.854221257716855,2.7531459426116176,421
0.645018359734886,0.6030251499912568,281,2.2107864362156104,1.6868010735489156,386
2.570548517829273,0.8589898856618412,346,3.5288814561510087,3.018632070471201,583
4.958043319300081,0.9592122195799948,438,2.8193421067519853,2.8136742072212364,848
5.9300187112321945,0.6973929186305197,283,3.310347429048676,3.519376316134115,706
1.327292901069405,0.9708138179185226,312,2.5204731959704585,2.1786858153297617,481
3.7677189344367434,0.6241069561158243,424,2.3189845250827164,2.3723297947054816,723
2.5948997114706183,0.9737744107222057,531,2.320925228542453,2.5057310632804333,801
5.834529187980317,0.7406490748958537,577,2.1409838912862895,2.6802624004471234,987
5.131654077246398,0.6405683313796866,442,2.371293409802486,2.6650265949761427,812
5.1108078759112585,0.7943487036745303,342,3.3284387699779368,3.536119648859299,706
3.0778123788723364,0.7027106270882032,240,3.7633812236870163,3.071469330336973,444
2.7815072628571587,0.7139491607847691,457,3.6282513711823237,2.9638204113010795,699
2.003738895618884,0.7229159859705147,484,3.370268619748968,2.6973728030182786,688
0.8100652315800991,0.9212103591330654,304,2.2208637268222056,1.9470888742755244,449
5.255973069402793,0.8156645106701018,401,2.5783748925918997,2.9452656044390704,758
4.970955550215427,0.7245230796624015,506,2.619613750644938,2.7265060575797824,869
5.998447203073718,0.8441335133243674,530,2.4999138927952425,2.9840743253089173,929
5.981502603906479,0.8864602696892774,465,3.0300113194194465,3.3081559769874533,939
3.554874380814451,0.7090496002934135,597,3.071107629759345,2.829537189613558,859
4.729430783492807,0.7654196406101406,409,2.7137719503422204,2.9229015490109327,794
5.6962115143533545,0.648754437334779,250,2.707578317472872,3.0651116438771027,675
5.173060648725763,0.6724597398138721,317,3.6571111958121625,3.320261567753159,676
1.8604145595875872,0.8724471415859931,400,3.5785856966393714,2.974607285291623,576
2.9779927442055145,0.6725753390782507,576,2.6155916633614913,2.45924056708896,828
1.2103767833332224,0.8100653534668241,238,3.8275768877465186,3.001100835460676,374
5.747280649922973,0.8836185046889731,227,3.905630034005012,3.8907013849922585,662
3.83396048947984,0.6427507692378975,458,2.6534850840600814,2.726115751800752,742
1.757535430269045,0.8269248878515614,283,2.7088498975861097,2.354241510891112,435
4.194353764232212,0.7026251134805455,354,3.0112683068439177,3.0613043579652857,631
3.899705322518427,0.985170750095032,316,3.882241625067347,3.5555794031838843,653
2.469894949180623,0.7934182586879699,201,3.752638866284623,3.0531380884377954,417
1.1245667570979596,0.9223970199100633,292,2.2051359251671796,2.144197186528613,440
4.193652575760398,0.8200906168625047,365,2.7854614865428324,2.92694736605077,712
3.361692354970863,0.6173650131419276,586,3.1067423794995435,2.840704346051111,872
4.747751154546016,0.8532605502376089,599,3.00626494510308,2.966982976412261,963
3.360899256115964,0.9805613368826628,549,2.3877261358737853,2.368209305754175,841
5.18699825175197,0.8406447280585325,495,3.7176335423363094,3.633509215189778,900
3.5354876132596704,0.927675543770716,457,3.3538815659936745,3.1050487995332494,734
3.5851588434446247,0.9536825853393631,280,3.675816749703607,3.242582596146003,594
5.321594814620898,0.691231908779573,467,3.7175285586989446,3.5854271316165813,866
2.7191557641681836,0.6848179359632907,434,3.4967117073314795,3.0746480444222004,679
1.237083756478524,0.8443923955403967,520,2.8784212024994345,2.381766678466554,639
0.6583047197233644,0.7644113879226819,510,3.2210935100308493,2.2559807541569814,610
4.6532549062049045,0.9359445211466881,500,2.3207308122394865,2.6863163943290536,855
3.9117025324440555,0.9600092493592045,556,3.347290834949815,3.0942220591171257,888
4.372438724545729,0.7413685517210873,412,2.3585065114785615,2.5473690808438616,758
1.671302888299009,0.6947482235897928,261,3.3878991810203134,2.6035378091449424,460
1.2500431157272338,0.9122102060975448,248,2.459196321507937,2.0426459402288266,404
0.5799956611733506,0.7099224142192544,326,2.23510260030044,1.6155161209052964,421
2.4282315734362836,0.9290457274054713,422,2.330568980285915,2.2428405256691755,683
3.744547277700482,0.7694953014595052,478,2.0039842704381403,2.2030373747020517,785
2.657342248048528,0.8670199597165882,493,3.4374792357070607,2.647819105920351,764
2.9061120711305097,0.6382141255338672,483,3.464802098116758,3.12068652575987,726
5.472872819715616,0.8495437298706292,476,3.0298666998265187,3.3611890412089536,866
2.415405068628152,0.7807070714948916,306,2.3227256021107676,2.151369131097548,502
3.3269421903789596,0.8346433852701897,345,2.1671086750213795,2.3013929021707553,597
4.8100915700762865,0.6672056830979454,298,2.038257932874574,2.3346899122474234,666
2.680985302766986,0.8947494979776729,574,2.3314963539304414,2.4625669598838176,848
3.921476851253304,0.9451188310172914,272,3.7817110699662937,3.621098414114665,638
5.243000398107099,0.6866959200363103,321,2.4830736834033633,2.8287920305026137,721
5.722363430117031,0.6382858222080646,229,2.7085426544344315,3.1272656719858256,659
1.3089041451097088,0.6094554344185346,387,2.210690968962666,1.8495062620603473,514
5.596231938388219,0.8567886001773064,563,2.4447226094963406,2.795122849558777,961
3.20663961193746,0.8428376144355123,553,3.0384491415604105,2.7603501162015776,846
1.920344135644271,0.818678965085628,487,3.215505366191305,2.654036429555084,692
3.025246659310437,0.6927788384463902,394,2.490704628332422,2.3311288723657526,646
5.8901791640701235,0.7563623983622059,355,2.1154643184502344,2.727994055485544,791
3.209399516960783,0.8377905340744692,371,2.782065738254797,2.6370956042239113,653
2.3081338565812954,0.7987067435436678,534,2.468406741852668,2.2540656640587806,778
3.9837046987419917,0.995114208085955,240,2.4391078464596037,2.6634771799082912,604
1.8208009032800618,0.6545759010226933,262,3.9197256054269105,2.871765397681576,447
0.9172483045976516,0.8780578216190376,222,3.232600971851448,2.40253175776522,381
1.2088384705085709,0.7617275072417169,559,3.113756886344192,2.286254402234919,717
1.2042521142677485,0.7712798459702459,274,2.831550207046644,2.3460740404382543,414
1.3354648143176189,0.8870391062632705,247,2.8578886668602888,2.1260771113009733,430
1.2635494495717556,0.8769744605297478,359,3.081810007676162,2.5679447130636395,494
4.024811096417681,0.9965023974808753,512,3.3928596140722145,3.377913886445499,874
1.5003404641952964,0.65135771578165,317,3.404292192363659,2.572968435871652,448
2.401170058281248,0.6416438597536666,299,2.343387815410899,1.8826105360215255,512
5.432336254483065,0.8897355268514964,579,3.0002255041532537,3.2063657079324344,977
3.106789021445798,0.8313547668025636,366,2.823916190068204,2.641831008922225,646
4.17156756186565,0.7096642666239223,489,3.7410539325387684,3.261751756553069,809
1.447759291608964,0.6317677475955946,355,3.2628378424367526,2.4484398234412583,473
1.5575896034476893,0.6342632998385722,206,3.065008132831964,2.5572476402104805,371
0.7247773894656337,0.9576763498656473,395,2.2307892843578347,1.9329923046842605,522
1.429142846896905,0.6767469298874972,255,3.211275778646823,2.390836397084664,426
2.0322468646757725,0.7293486248462083,520,2.234407811360467,1.879073592730375,714
1.4735576635221075,0.6906625608907953,392,2.674413151131504,2.142922715978665,557
0.9878639356638059,0.741998522332775,246,2.2856839296286635,1.8444368759080256,360
1.1634972910533046,0.6277695370984373,347,3.384147294048738,2.56391556821561,467
3.0342832241799917,0.8076239163633081,474,2.412504227672305,2.323877076727939,727
1.6348354512318588,0.6270450254368859,356,2.783718746376052,2.2991663057829435,533
2.503484235764415,0.9201426031289446,401,3.7913495552375576,3.3370790255530185,676
3.268794989701713,0.6934848327641732,325,2.4086327667979406,2.457882693369202,574
4.297171557461509,0.8160047658418043,594,3.015610127917558,2.9903934438464805,954
0.7162167691260442,0.9520316350245833,504,2.838543322332044,2.2088669541289394,598
4.8967571939997345,0.8603509476188776,568,2.0362480820914595,2.5095733536843863,923
3.9534521421999926,0.8131831146205342,493,3.5855162271456256,3.3853375018208025,792
0.9496746757187955,0.7297335012461502,263,2.1380918126291997,1.7019520786246087,365
5.304682432587275,0.7332007652232791,524,2.948510041953907,3.127845088679109,883
5.5647982029249725,0.867794782079276,591,3.1213565898779,3.338011297531553,990
0.8359287792017507,0.9976557444884671,375,3.2568529132291744,2.4701813822920884,520
2.0228270648096203,0.8647356759397514,315,3.377263258615751,2.6395710837188653,530
4.934107038861837,0.82311336694801,403,2.50654476704543,2.8522910651405966,795
4.615428297110121,0.8922602040956984,520,2.0199575533168987,2.4858638758649043,891
1.5148656064600754,0.7860822449134872,230,3.4468873247098237,2.7355624610269613,412
1.6514212783519067,0.6240569370403141,587,3.071313198695157,2.369334919059684,747
2.537596565352601,0.8249187263511639,312,3.6722354064144973,3.1629101773409882,523
3.1648764185506173,0.9830501138021521,564,3.6427767258013883,3.1241839865906327,873
3.9004012434166278,0.6701211769430638,524,3.6866523355757663,3.4313241492078,813
2.529025017633748,0.8760019563282663,575,2.97018931995908,2.463555727050678,795
3.0439409387323133,0.6803734754636226,543,2.667256791673731,2.5247686593918393,790
4.611090159735661,0.8143310737892325,266,3.58311640518274,3.4453633728251316,605
0.7017576158982884,0.6386705798586878,274,2.90258822605851,2.0578169839641505,371
1.8884031938921142,0.780148374503274,244,2.366884392806869,2.1523100180499553,442
4.423422722365038,0.9024653315580984,459,3.7099480391229487,3.599591367546032,821
5.423637607279597,0.7390286096955928,353,3.7651197535446945,3.417728933525567,734
3.3142259316361637,0.8659646897948872,354,2.9326195122803402,2.819077250362473,629
3.4266241689592363,0.9181799843158917,562,2.151399454619575,2.094109418256941,880
1.0894460623687683,0.9708711277917811,433,2.7756521798338625,2.175062491138463,605
2.9607680175290003,0.6938568327421815,250,3.6070753189252067,3.196858164447891,538
3.4293949655026275,0.7597263663237233,505,3.803548057092457,3.2137201705462837,810
1.8335877699910132,0.660966405332167,461,2.406945484995192,1.957883410687287,659
1.9808377702215954,0.9969934008633501,514,2.133947224050543,2.0555394759215164,704
2.5750628970754246,0.9708003871697182,324,3.7547009062656773,3.3629439118587334,590
0.610391587777495,0.8159828521122239,598,2.778809877957751,1.9325891604544363,715
2.271435410707481,0.9368133177505685,444,3.0835219285351263,2.573994575198865,662
1.6629640384809956,0.8083831909088168,229,3.9361316241015176,3.167368226838599,412
2.301235436978531,0.8494342752011039,321,2.1331294558284455,2.2656687053269886,562
1.1586917250058817,0.6356497728464067,324,3.296636014904191,2.4536367406532253,467
5.397900044069422,0.9021081681987232,236,2.148210845149734,2.6054445129305495,632
3.7647584945472676,0.6510853934540939,369,2.7509378569330005,2.873532920631807,674
4.235062755294693,0.9304270521010114,323,3.6076290903868937,3.543205065306399,657
4.8404418123403605,0.9128112350681543,556,2.866944465511269,3.121274234578318,942
3.241432094109815,0.8834978790971906,234,3.994364707805901,3.317064160250638,510
0.9780615844808302,0.6144641522099048,286,3.1181185698932046,2.307366185632247,401
3.454085980002013,0.7212513423781315,333,2.6423243052719068,2.5486763080103163,627
3.727626149114835,0.7052450279643372,395,2.4402226518095063,2.5248419625559633,668
4.599917108013815,0.7440545629886076,473,2.701041068572324,2.983330031754734,862
2.8741275042632366,0.6350570987055354,400,2.7450665475191016,2.563829972960063,599
1.2016916653756007,0.9747831292124252,568,2.137427355447922,1.8049703903303675,725
2.0607674818929844,0.8215208962849505,484,2.7391483988535463,2.5219005392066585,697
2.496952630192493,0.7222097242632094,276,2.92847703947845,2.576673853432168,509
4.052544827323807,0.7587926068297134,258,3.445475504477609,3.2500178904691035,575
3.6392806756790153,0.7788810162019343,325,3.313458969443216,3.1741380092103664,620
2.4585319924381546,0.8402377333442469,308,3.4175313104583083,2.7671622531489595,547
5.925833868361388,0.8062717710785992,423,2.016727363753714,2.7141293424852995,854
3.8317615064628794,0.9677567892857669,477,2.435334799161072,2.561510441367604,831
1.8047473545479695,0.7987853931623321,267,3.323368576799713,2.517698831717809,471
1.0598035994122206,0.9968632059293251,268,2.9679787363594943,2.426164241830363,448
1.3407252655138262,0.9405699830980383,364,2.010626951336692,2.101904872302438,519
1.8527675061147948,0.6834042057429344,504,3.608989284863645,2.625300979987744,681
1.3837475529275562,0.9722380858575665,596,3.545619146580675,2.789788171771996,770
1.5261186322821816,0.6465465591541905,361,3.0968383259871253,2.485999639217865,497
2.068023427816159,0.9269798833964766,564,2.1329266515525442,2.076460450018967,787
1.4535547741211516,0.752249317390632,541,3.5330300990651695,2.7001159359680105,692
5.432209835445338,0.9511897281780278,508,3.167427175462728,3.237452527293333,942
0.9412856011390321,0.9472226760429802,578,3.563919954315918,2.728776837528566,707
3.3848126426364007,0.9223701600470484,542,3.503493984791681,3.072330585719515,871
2.7571825484431383,0.9160121745228246,586,3.6060041439156745,2.8624516953493067,825
5.9030823929973355,0.7218716556392163,241,3.03601613280925,3.4104340425920765,671
1.116213961924288,0.6323677132205009,553,2.2806490363870298,1.94041788148948,699
2.688205794751579,0.7611920715060646,308,3.3423149467593776,2.852673053293476,533
5.832087383014529,0.6694098059946034,250,3.240947570103941,3.401657409883682,683
5.2602891924168915,0.8779804355609846,449,3.4845063743981743,3.601385638618233,827
4.99389639022104,0.7384398906151142,540,2.3397620121014704,2.7204464072289443,942
1.9184655487471691,0.9902440803439659,582,2.389950399800578,2.3041627372434985,796
1.439881730645362,0.8563888309381328,220,3.780819034438657,2.869275079080135,380
4.177537709584371,0.9289922254537444,499,3.4999555969041416,3.4382761640982515,836
5.611567940201722,0.6530098690967393,338,3.816456977400646,3.705470294712695,756
3.5621959115766137,0.944805792909049,558,3.5174306423278416,3.2202250792362346,854
3.643869792084449,0.9691028762053577,523,3.1943106119806037,2.9059953672161916,823
2.039885015131563,0.7948247675275744,584,3.308265474055747,2.7395617799009617,781
4.732211132555653,0.842501175100391,291,3.77825584788002,3.467200713529854,635
1.5287406170663784,0.9059239203611982,479,3.1576135090238813,2.498857524319234,697
2.2802358002233403,0.669935450904165,324,3.264782648656775,2.601353366768787,516
2.8399004123902922,0.8010264305853769,596,2.312953432007201,2.169539220726607,863
3.2918570827645026,0.7594652111089253,310,2.9478424402322054,2.94334010543749,587
1.8332535282829414,0.6585495968648997,553,3.432794223916198,2.822880984951107,709
1.1316025360656194,0.7470137689166125,338,2.541885396632731,2.2422940029738334,480
3.8584102334289794,0.6272689237541974,472,2.4045083610490696,2.34300513086136,781
2.0874680428214067,0.6103247627797947,298,2.627653616448831,2.245341058536587,480
3.6968102178243676,0.6540665156619291,451,2.483001255985667,2.361438640900636,762
1.3489949340081127,0.9852460446356696,537,2.4298252740727917,2.052223081379859,736
3.146270560201496,0.8198118143580068,303,2.849701685736174,2.575187150883549,592
3.4292418790337225,0.986328864461288,413,3.815677027767068,3.4937445388956565,708
0.785029452523348,0.7729991513320528,448,3.0141192934774366,2.2350541593137767,550
2.351323530066563,0.7247264532341038,351,2.375840761630646,2.2924976776547434,552
1.2392807231643583,0.8024567451360977,449,2.1539433387617484,1.9216169349032115,607
0.8485623376002226,0.775804675453164,474,3.3923122902758505,2.7457855870772994,613
5.944781278144699,0.6422658737046976,364,2.7655975288727754,2.9572767001205116,741
2.2729461473609764,0.8563305258760825,540,3.6436618931707185,3.109241899703739,761
4.954309452200492,0.6864152730038399,207,3.3190215372815404,3.3714850090506308,576
1.9005236012007012,0.8478351819591319,483,3.592482901082737,2.7773906498707315,676
4.2482649722316115,0.8600804369592614,204,2.5438920788368975,2.8207337501794814,570
4.681253229393276,0.6608099412514592,344,3.3847178449221165,3.2650198256351315,699
3.7760130733431434,0.6245398508442672,300,2.5281239693874378,2.499145310643457,615
3.093669037025871,0.912304634427376,363,3.8781369589005834,3.228144287819275,635
2.765125027809977,0.783920169507728,573,3.2727485630667488,2.758331266060217,836
2.4187754659864744,0.6232655182021903,346,2.6490236003506844,2.5274566702671746,586
5.612410293363042,0.9979465268679069,263,2.5390237245845455,3.045143186066247,725
5.068406742832511,0.6231122243985466,290,2.381853170143287,2.7702511405650383,634
5.8076480086658195,0.8780140915434212,316,3.3892819177874554,3.4672144508562504,747
1.183634729170496,0.9934715701053655,553,2.4374312259958546,2.018589014851594,716
4.519771113620044,0.6956720416863702,466,3.190606531854978,3.204785439436538,816
5.660872512515708,0.6568997474748784,509,2.5292700538507145,2.7775388126483684,928
1.4967818639111308,0.6485539757689716,372,3.323937889587737,2.51161932005193,509
0.8657294705172762,0.7213100590270383,246,3.6298794570810786,2.6430003330701406,371
4.576163571095325,0.6404183244042586,339,3.5560504862893065,3.316167595938357,637
3.6596021224895154,0.8768645366776527,445,3.521702661861563,3.1777785077842866,781
5.130058272170496,0.6249167192520251,348,2.3754448113845044,2.7408272070752044,708
1.2687480714445922,0.8037688512599159,445,2.1767698939690376,1.9506046667560886,602
4.873970215229396,0.9986787415411907,594,3.397897656974771,3.486467888393151,980
1.608950260262595,0.9255881078024075,204,2.7366944275887026,2.235461570859921,416
1.4001076857613748,0.8460877752924043,383,2.8646924528066946,2.3088566091603737,494
1.4034618886204613,0.7225014483146447,219,2.062298185586782,1.926548154589713,375
4.980160961272602,0.8495583345166554,245,2.5191528985500984,2.936811983948629,626
4.1585847138291,0.8108165855646606,211,2.067352807748928,2.259169316492935,532
3.3768598362301563,0.7704333535561486,269,3.758371545202495,3.2737162258252077,583
2.4735676626792635,0.6522841506960798,216,2.4867933664370607,2.0498806877390403,411
5.3246029744720955,0.9546416860961867,570,3.114674339146016,3.320275363026541,990
2.6584480908244945,0.779913859528529,346,2.077958641322261,2.2802070484442645,590
4.991296917093674,0.677849004728306,353,3.333694782611316,3.174826583149948,745
2.915241997136201,0.7471037403509159,503,2.646054691508188,2.3860904059233614,739
2.5731943618369915,0.7656519010115708,307,3.7958383739153314,3.1748056352785112,523
3.0447388211828352,0.9310151582267497,435,3.776236377868072,3.0928155027271456,732
2.1575783079027815,0.8934457522245608,507,2.6505812367234958,2.3159672015159742,734
4.611851590969382,0.9077219574565359,551,3.801921791380936,3.626256289763227,887
3.2649621455086355,0.6044125057714589,269,3.9923153469975574,3.2267180548399046,514
1.7771698233074953,0.7664615992719046,382,3.650831328247896,2.8289204025979013,573
5.447660153010126,0.7925376606541294,449,3.689742695510458,3.694811283201455,871
2.611401717552663,0.6076769107292227,427,2.49801747221818,2.3063161994867856,630
3.489540736126937,0.7039252834980136,301,3.1534047977155124,2.89820297888344,522
5.4855966103050084,0.904115929248854,274,2.1345118279347357,2.7055605625943806,704
3.9333089775269565,0.6548438822915996,415,2.1898358736433394,2.39950698413493,692
1.1429392238960023,0.8141240525810367,598,3.997785224066581,2.940535332241588,707
5.669076679874113,0.686080748806895,402,2.653278498851822,3.045995295801252,754
3.9523942918927983,0.6048483098575573,391,3.4963678240976925,3.0805456742684,704
2.3419808806139737,0.6964805830398166,448,3.613330106053633,2.896729575532947,660
1.2659963996486299,0.9903495019640215,441,3.7160465420144586,2.779971226668809,611
4.867138540986628,0.9206148447531959,378,3.995256594804313,3.735326841980568,789
3.9104001576068246,0.9838306577284134,418,2.4829929705137355,2.5843079905580866,763
3.4340360058697685,0.795141617570545,281,2.0807016537193994,2.141880195417612,598
5.416409206780267,0.6438944794710014,291,2.822383035989172,3.0601355695234957,652
4.837284661734919,0.8191837955894772,374,2.260161339657894,2.672501231963277,745
1.3342118385301314,0.7817509338239843,438,2.0448517783241105,1.8847411817249435,563
2.214471372875515,0.9377428330958464,459,2.720853654282972,2.4073910434257155,681
1.8666902689795615,0.6392330323136978,590,3.567476502150473,2.8103224526953503,760
4.591704609149724,0.7952964548087113,564,3.1323613824501417,3.170956090450881,931
0.6844283910467865,0.6600194658775936,362,2.6255559784207083,2.0207044323959793,469
3.634393266792241,0.729870370756024,247,3.3086840109854396,2.921471839971907,550
4.693522771573798,0.8949428309551198,528,2.464036360617621,2.790039851294499,913
5.322211002189622,0.7904072517475066,527,2.02876289214417,2.6342768660288955,968
2.3814496179374913,0.7503553140583077,315,3.5287067728728547,2.8943739596253284,526
5.016915175696071,0.7577905114280141,536,3.247486169728018,3.0463431757101223,893
1.1084745532536397,0.7837787073623946,536,3.5246052490019197,2.666018505394186,685
5.15548760453985,0.9140066175348227,568,2.077876033375331,2.8646788918868222,952
1.2011876428259032,0.9568338755760938,424,3.6742392556613046,2.7915107053167025,621
2.68508009808202,0.9821338746015713,551,3.2390524000726066,2.800493299715064,804
4.885124511787545,0.914761354502118,527,3.1267907014252803,3.2563387209846644,900
1.324545850418256,0.7261627582992051,346,3.2492280962290634,2.5361489521874283,488
1.7608826737795282,0.8752538824346168,262,3.728866493736728,3.058871500513431,469
4.472389126161865,0.7750412496221568,493,3.173873013117814,2.983031317361035,835
4.460200951003409,0.7018682488184205,522,3.1619007597763584,3.143065970851364,846
4.026311980869135,0.9363486317703691,524,3.9813583141315316,3.62765904348604,892
4.31671644456905,0.6153705395849299,212,3.513460334137136,3.2033530515360087,515
3.4849844384117787,0.9607047968541694,388,2.884587610902271,2.845900104757555,693
1.8848948239882402,0.7845909858498936,486,3.4147940000658554,2.842637507336954,690
2.401327964271557,0.8548805907233121,407,2.778460943383577,2.5765259331766277,603
1.4987874424078411,0.8637415688823131,313,2.457750924966998,2.0056027398073195,498
5.496478087334956,0.9580470962826145,221,3.1937037537755186,3.4807525269208965,625
3.7086548712136627,0.8546678728668828,548,3.856364196227903,3.3909477806229757,872
2.7046827922000194,0.8455734339040247,413,3.8582790400309257,3.2014207658217204,640
3.04103192004273,0.6266608162242759,370,2.6838105562109806,2.4764767433250143,628
5.710058367864984,0.8073632087780817,522,3.05535493244339,3.283145617670437,967
1.343432717138441,0.6600676003268167,253,2.4232717971397224,2.1058474115529546,416
3.7242640760923846,0.8949735074885943,593,3.991262218997767,3.4892277536276537,910
3.282387733864563,0.8048887683250698,497,3.9622358157358715,3.243819930706146,769
3.8629982948905632,0.8720911116833413,519,3.299017859414895,3.0614938337034134,826
0.5996060110146229,0.6166691602409536,325,3.6088281193549467,2.5497552095933216,452
5.296681499192833,0.6339168064183213,476,3.4302003225674,3.49394469437604,843
5.626650553659868,0.8865293552250728,403,3.1863164380789364,3.4520411841642478,808
3.6082325097406494,0.6288337343994693,393,2.1066959939777954,2.1521440642198906,685
4.331579531322907,0.6285026911061035,368,2.909528685105322,3.1119531854381055,674
5.573746596475126,0.6048433900939549,351,3.349572604334821,3.3929077690312974,726
4.389812488723692,0.9826005593197921,234,3.3550632277673693,3.411579731932978,566
1.3389647360284374,0.8950033437836027,383,2.746245236844767,2.2583699834682656,543
3.6695859809174722,0.7413005634008256,485,3.883383973316061,3.413803730004006,777
3.8369327551057073,0.7186142325150621,256,2.334714064473562,2.539607533163144,562
2.832718692163123,0.7398812918983398,421,3.000718892431121,2.784747061826059,683
4.550443295935976,0.9098614124724728,502,3.3817679531016456,3.408830826574994,876
5.639018581229582,0.8645482444281658,362,3.3942716117836182,3.5974056810946515,782
5.59062682098727,0.6740782271469872,218,3.297277913537631,3.334614730059416,616
2.9796165427227264,0.6696437341336338,569,2.5505764269037203,2.3369520541446245,824
1.122809252124154,0.6393582598853589,463,2.3124131373732437,1.9010137878353404,619
5.91662659429284,0.8641210878805352,481,3.2718806536534215,3.5854149534369415,924
5.1139394754526375,0.9057490648886943,312,3.1986042322788757,3.2819779903356703,700
1.1856447466179676,0.7060185713300016,526,2.3587120205784817,2.041280786774122,647
5.564630354395548,0.6083779844123651,229,3.4102782911411267,3.5477059138773495,594
5.284429991341706,0.6328686669905709,334,2.910343983467313,2.9646077632376153,727
3.3536093141933967,0.9871440139380122,266,3.335521183206306,2.9832001079580404,577
3.7520148965971107,0.7181779109909681,264,3.6747341595403014,3.2284771335494566,572
2.6945148712857163,0.9076892591352534,491,2.3394568571538463,2.336414059022472,740
0.8011890135211723,0.8498654275417055,224,2.0382897359936734,1.6707011139404155,385
2.343584829052455,0.7527758558611584,236,3.5582051727915736,3.0399706797166126,442
4.915693967289063,0.6822749048782221,200,3.219394850305232,3.2300923517440854,582
0.5254761265253157,0.6485545672637626,598,3.3992791392442436,2.4080292405811883,693
2.3342454443012928,0.8460051872155466,236,3.676309949977285,2.8674461813459953,448
2.689927814750188,0.9098535122551152,340,3.605621869649001,2.9337185079987336,604
3.4556758161585757,0.8575617014164523,431,3.9218402938576493,3.4153649451410666,732
5.559205890270182,0.8121208532996633,335,3.0718701577042364,3.0665520513809605,756
2.4049029690127868,0.6167804893726545,588,2.9769912653198105,2.6151512897079128,795
2.4082426104292525,0.9873955110377535,387,2.80377439978146,2.5430559819325955,629
4.556256864603616,0.9194856766618298,327,2.307382085688409,2.9877841919579735,740
2.987198674893939,0.7171288146803859,400,3.145214465764045,3.0022115653709798,674
1.7353265261699007,0.9919881317435403,326,2.5540250486519573,2.258130680197819,543
2.9884173387298136,0.8407526358545289,456,3.842615024425951,3.2289198364902134,721
1.2747136120888993,0.8329690632828985,363,3.166381608554195,2.5875174642636596,542
1.4701284257842282,0.8992292717718129,234,3.18568036101622,2.7354428714671064,422
3.2410227500671387,0.924707915236055,393,2.70984932175402,2.48019440341666,680
2.8040899722750137,0.862591442932601,390,2.103978703955415,1.9896042474658233,638
5.53165245587455,0.65123829854648,303,2.0634875307459772,2.5427148484856503,698
2.4931664451414823,0.7353070023977993,222,2.8466702883063952,2.5590320212886395,381
3.693235926529239,0.9712334561304199,464,2.169130756194476,2.4783063805254613,786
3.977453583557417,0.6898462447375407,489,3.213693911080278,3.1066227067530514,786
0.572019511235835,0.7488668095350053,583,3.761946011279315,2.5511484799922273,724
4.149455546091908,0.7728307531776784,459,3.7658296330374443,3.166906804015032,785
1.479197817783633,0.7757619958777808,557,3.318090820264465,2.6828002735967322,699
5.785886746082003,0.8451758329978102,274,2.4224636629458622,2.8659062528865187,704
1.3176450026421214,0.977230335097883,554,3.725993662717744,2.6881685457593596,709
2.7804326804986306,0.696277084733002,271,3.7721868706264163,3.112415866964715,516
0.9694231744325412,0.6486005505203672,458,2.3933071699059174,1.9686267258600731,586
5.98280838515271,0.678988195943975,597,3.4748521715413547,3.540862545120817,990
3.2620725568218343,0.9547699600837078,387,2.573039097854246,2.532361115492149,662
3.7746175952602408,0.8583243250620824,372,3.605280624705859,3.245485400685806,684
0.8689206256363511,0.714362715695664,489,3.9944757998072054,2.8191564150497808,585
4.624782587195478,0.9263787755874469,244,2.0600520106587856,2.396734522875329,628
1.6544807620257216,0.9445479985453744,260,3.794731731581864,2.914086323073369,464
5.439298591923926,0.9386057354761113,282,3.2452610671973163,3.4625866433950008,712
1.6282680226510395,0.9675706134558217,322,3.9467652383296423,3.1129088470479718,516
1.5487824636501661,0.7008964080693446,557,2.9300190350528554,2.3649324575861663,728
0.7010231731645218,0.9020167714985113,215,3.6947758611427473,2.618362011732619,379
3.096368198104996,0.784215798909656,265,2.1247881371965542,2.1896825252892276,523
3.6066262329443903,0.9367994211560247,344,2.6705581001565912,2.480673370500957,656
0.861397516855938,0.8913962708646452,574,2.13403307550242,1.8271055234070366,693
4.765401891822558,0.9105789785998899,361,3.950686266958141,3.830609500760709,720
2.993088591114152,0.8624647350724286,433,3.6339478145436734,2.9765590877737957,700
3.3841464813016904,0.6709715077878827,579,3.705094842491941,3.1096820375388803,871
2.9241951081602546,0.8180107675587753,343,3.8759304628677884,3.270512284247247,595
2.704196834814293,0.9938678958098033,557,2.170206972239571,2.3657949720732705,813
3.5780218221951983,0.9749552265988476,387,2.7711951850266665,2.7234811044645637,691
1.353821352618919,0.6172694943188046,521,2.142069778088004,1.7336889021775184,653
1.5006047177239912,0.6659259262917748,212,2.4215862031000572,1.8225507216799341,374
5.239820915574345,0.6526915093818247,383,2.458731554075345,2.794623532243616,732
5.70363504173498,0.8903919639941182,310,2.9382144220951574,3.464020051216112,766
2.553201239538641,0.927114131942778,489,2.5371243349072854,2.431496347825678,721
1.9890957022895457,0.6854045465242687,494,2.201956213635522,1.9909267893305584,696
4.041997487814587,0.8023410771807316,591,2.3349821781882154,2.5625334664248376,888
2.7480379410395304,0.93628121120448,414,2.2945511271041816,2.2997415485573467,685
0.6396249561318967,0.8931206179065002,319,3.9461535958245966,2.7715639586577243,460
1.358839285514047,0.8168948821967393,581,3.5185850138369474,2.7920048098514436,751
4.437847258660686,0.8361390761835091,254,3.9355229305391237,3.6059149928401903,583
4.1240816805058325,0.803344218766512,226,2.8794809730158173,2.8756039326106273,558
0.6490279587691592,0.7190193805275282,317,2.556736963325313,1.8539189192322059,404
1.720846890631222,0.8260087971436064,420,3.5965863944183734,2.9628755268281863,600
1.7709113812343926,0.8755541208200363,430,2.6525078360822936,2.36237890075758,644
4.195410089793006,0.9493291663443231,252,2.5987667474106964,2.722781649206018,614
0.6084079576490029,0.8545165415916992,494,2.4650119844156624,2.0426778841840716,616
1.072597200915156,0.9044486148172632,520,2.2593579564484707,1.8821565761404984,655
4.8995384695525415,0.6640286539818292,432,2.512926122033532,2.6750744794722556,805
1.4819956412988349,0.784622989767916,357,2.7106394969477754,2.16066171058757,524
4.090103593185311,0.6037326479308373,468,3.347988416291461,2.891199972275464,727
1.8100052957569959,0.6986715458086492,220,2.125129684438903,1.9637017261800211,414
1.0469276601763984,0.8905846860452019,252,2.421013879330686,1.8351132462179367,403
1.8374470504969975,0.9967239805397454,474,3.618047280583353,2.8141629875387326,707
4.472468125206126,0.6396712398348864,512,2.2938438471675413,2.319109628367851,822
5.206330574584571,0.7605977263445153,480,2.685290293045043,2.9480724120026567,804
5.066209255118454,0.9200283874796638,413,3.72931784371628,3.6038118662181367,814
2.6845094129015017,0.6816142538515595,230,2.309850622286885,2.1627883361744185,465
4.1744682511385545,0.8220339797209145,536,2.16547367123638,2.3587336753908468,834
1.6274136247870152,0.8932285184118699,382,2.9690759901600217,2.3469963510745,549
2.1123125164355727,0.8463941801040716,222,2.604839022557073,2.3703605752176444,488
5.429847001866158,0.6752098938461665,231,3.1268167289677082,3.177088202121474,618
0.5715105793090482,0.7421538274742958,273,3.6076097809669503,2.6073653475853127,396
0.9702969196995744,0.9135167137941589,209,2.2742969763054863,1.835519386628448,345
1.6433744033031503,0.8216906056528066,253,3.16139816910857,2.5722962986640026,391
0.6459271213060085,0.6020918454171651,251,3.0110175207797276,2.3069604786275106,346
1.4978948929938851,0.9043963040112375,347,2.288157572026399,2.09284862345839,522
3.706728585333307,0.6141245419760956,359,3.247996971057965,2.8945523346702307,634
2.8178350282587386,0.8982935130924928,569,2.5472808357215433,2.4769728093572634,825
5.409694410923362,0.6809922240660949,213,2.9756686370880248,3.115670436610904,610
4.995939589561425,0.9832293920477521,377,2.1645446485541235,2.6919944823333326,772
2.379995434338318,0.7471763005208338,565,2.9191681144272463,2.4938093705174946,757
1.9268288838721086,0.7307726465352317,252,2.612926936085641,2.22899747645136,450
2.588308244919968,0.6595552201329778,534,3.6447624223707087,2.9895505257670276,716
3.7466221838314424,0.722241686196086,221,2.1139574539947366,2.2072597136833694,477
1.9743500245258194,0.9506603047312803,229,2.83721454983666,2.375874974000674,457
3.932818993170237,0.9985337350508989,390,2.916862848262876,2.7972407462290114,735
2.7517640870518223,0.7473238122027394,459,3.4500121525982372,2.7592625234000314,697
3.536259494685891,0.779444252381817,404,3.148575150180422,2.78644642077611,666
2.898695910244242,0.8888283752810948,258,3.3344246743883623,2.9518715874747166,506
2.1195616774805472,0.9544783121860299,463,3.5540985713035123,2.8488840516034406,680
5.716493188291862,0.8372177336747136,211,3.7244059473163773,3.764190745941194,605
4.699831867878684,0.7566102792711318,318,2.6277509934449412,2.8227324562264107,660
1.270622466715489,0.7650487363394495,489,3.076045410727806,2.2089208129717557,654
5.27657386743852,0.8782472585987227,537,3.6802161568783998,3.6802409294764025,969
3.180871590372325,0.6012873054417115,447,3.978902261930113,3.345110461968388,689
5.420037247917503,0.8478357349839363,553,3.7790386220875263,3.591178649346105,978
4.899203907710234,0.742197204176543,326,2.742934525248754,2.9644995326514154,655
2.838674274580784,0.9176789325108337,274,2.390333034437301,2.283356424841951,549
0.6235811957606456,0.6371962559292529,560,2.9787850748131772,2.17663282408657,645
1.9777254766172034,0.8352809067793562,403,3.4832829036720847,2.6931773595429376,611
3.4789881806347682,0.7923891559544495,248,2.985138141506595,2.624525538159232,531
3.98413020904381,0.8569302103620909,278,2.966361726627337,2.8811334429687037,629
1.9183822698826125,0.6259414377931873,440,3.676460842163601,2.8275566397644742,600
1.2664584074005327,0.8319935149712525,548,2.722807558134373,2.180005652987771,719
5.092116302396145,0.8245938351838095,353,3.7195893496232912,3.461611348504471,735
5.914211993869537,0.8242640377664684,473,2.813609601903447,3.160723868809449,907
3.391296002664772,0.8413950666385819,295,2.656466211356679,2.635626429260468,578
1.4442360721656693,0.8705871748905449,413,2.907979822399398,2.377380674816737,569
1.9976902958565292,0.921995599872308,493,3.524893917349737,2.9015227525899925,704
0.6011487210110671,0.7079282880512857,408,2.252004055727989,1.6875919728140973,513
5.528643436082745,0.9300197640720248,542,2.3928384317440345,3.0306114433633953,971
1.1476309558957762,0.7993022729053815,287,3.902889651326184,2.77336355748154,437
3.6708406153283946,0.6308233116537324,505,2.3509832547627147,2.445843430293473,804
2.007303713779633,0.6234203716975917,463,3.135454635862109,2.650290782248225,664
3.547979013836864,0.7336953274784244,589,3.1586289333238757,2.9463421030279573,854
4.082812135935253,0.913958790844587,524,2.9792489241004896,2.949442875278696,877
5.063579920389609,0.8830723738963663,576,3.289490497153637,3.2868095272623523,944
1.6353169946833177,0.9154459858689625,519,2.459653451595237,2.2726426293460165,720
0.5604770576216427,0.8069076225766437,356,3.105324535553496,2.155755689360916,482
1.25287096537844,0.7760795991821963,355,2.744346510493794,2.1106015130068787,469
5.450102530164578,0.6589810106825136,338,3.323334519258378,3.3078578453117755,732
5.306395426593834,0.7312771014437246,320,2.282447086746299,2.8470235536952355,702
3.7857720619366955,0.7736077464695501,264,3.1417548336789523,2.98962717478662,553
3.8028427323850935,0.6354401718718469,306,2.3705407107666474,2.3402644658347214,624
4.157701710004405,0.6882447810844845,346,2.557286126230073,2.6101791596342285,651
1.4645420324289726,0.8392901176254955,336,2.4374196006471665,2.0296438995146633,491
5.529265702587279,0.8942652456956759,361,2.3656755597376344,2.8119856754149533,783
2.8032378869064023,0.9993390045571798,299,3.651421903121334,3.2491252769326304,580
2.607261905372236,0.9732453325374231,537,2.5714151353217805,2.316425282356134,787
3.3540473790556065,0.8570260798140765,598,3.8542475637288987,3.487046531547529,908
0.7583128172628028,0.7684992213176288,506,3.939853050690382,2.9057970514123035,638
1.4145585281584367,0.8544709458832931,340,3.1425209398741947,2.6192988149698913,466
4.559184890345038,0.9142606472320928,282,2.286002245331453,2.60284863295819,636
0.9553926735881956,0.6473344763693549,376,2.7490964867591625,2.0844761454129674,486
3.817336602065135,0.7639619558785153,397,3.595464526696428,3.0830156373298188,712
1.8494201032472652,0.9359209142542468,311,2.734781457394141,2.332655020080956,463
2.6411258772308708,0.7535331807732176,255,2.1740344366055773,2.1834245944831223,539
2.0878155522388493,0.8287489084908746,378,3.113569821856376,2.7468108731360847,596
2.4561999405572204,0.8351077443448793,385,3.6902417029920693,2.928712425964392,618
4.454752478513351,0.6737905012534557,417,3.5918527742870046,3.279027767077729,775
2.1341694359274626,0.7448941766609154,515,2.3502462802607065,2.11980940398303,764
3.6152255216329348,0.7338045154967728,416,3.345529228824933,2.8843055276010072,723
3.118277212095048,0.6104786834128259,319,2.441008526871294,2.3915869560827567,586
4.150191409494565,0.6096767055565421,593,2.4364150691043447,2.4633589724098757,905
5.652563566286169,0.9326788174703093,374,3.74814354661037,3.7329313330938767,803
4.529146534656377,0.7092283239891249,222,2.49933790548046,2.6439284426240137,555
1.6821720822491621,0.8072315064955262,412,2.5264946930360224,2.0962899842976883,577
0.6715072428370656,0.7194902294355092,434,2.001306781522599,1.6221771107071208,532
1.942452243649038,0.9762716980461362,212,3.7413380682510353,3.0022410110420807,399
3.7729286188514015,0.7037187035463095,300,3.5851896264182694,3.1500011928118994,595
0.782841974163377,0.7718627250955741,223,3.254657870181356,2.3452620448116845,313
3.2300143596068,0.9490921001938407,563,3.5005315278776843,3.1579110958038026,855
3.782635669042891,0.9367734267167235,210,2.3040971348489836,2.6790565122538865,529
2.3383413994932845,0.6744405671385109,472,2.916647189175151,2.5014215435430645,682
4.740017120602021,0.9210573239182842,480,2.702438774697562,3.0375014399973677,846
1.086290392235745,0.7832747546951571,293,2.187553052514033,1.7040776193182852,498
0.9132577995469482,0.7931875488341421,400,2.972260970429848,2.2990593056303323,561
4.5050381591198185,0.6533919889663775,220,3.841479300685271,3.3575151759245707,530
3.2252022391340915,0.6322406055028499,539,2.080118238101389,1.9983151401356014,800
4.286213180352548,0.8911757227895061,410,2.5829218269875875,2.6895288806329605,744
2.8915503623206043,0.7985844609421199,339,2.415081872411407,2.46598291372917,572
1.8552111828150875,0.7747402810460718,492,2.4762933073313924,2.2617159162472458,653
5.005062747208099,0.8918032914609586,497,3.8168691037587505,3.672155800486693,895
4.896787334329386,0.9062051595964439,300,2.9361381084685805,2.95025233979661,670
4.320830589699347,0.6635632670677414,503,2.9325988258796376,2.8695226551559547,847
1.9967982547647949,0.8440900597910566,558,3.5211512849105646,2.8798564467058942,782
3.746268667779979,0.6541416329110742,227,2.3089844080098514,2.413854654484196,544
2.485356433170147,0.9005500344116183,240,2.974530708200102,2.4576303669706627,462
1.0037014032964877,0.8627820625068559,554,2.8599704282421197,2.1728035778053245,710
5.545224665042335,0.9826458484333832,502,3.1938213810933123,3.411988324622936,945
1.2525024700542877,0.6275832065425685,345,3.999115406500877,2.95463211148013,473
5.726305446014413,0.6228218884605017,455,3.5388977881640944,3.298115735375545,845
2.9530317512687567,0.71287482987728,426,2.7957314060348546,2.53698272827759,706
